[{"id": 1, "name": "AC"},{"id": 2, "name": "Acura"},{"id": 3, "name": "Alfa Romeo"},{"id": 4, "name": "Alpine"},{"id": 5, "name": "AM General"},{"id": 6, "name": "Ariel"},{"id": 7, "name": "Aro"},{"id": 8, "name": "Asia"},{"id": 9, "name": "Aston Martin"},{"id": 10, "name": "Audi"},{"id": 11, "name": "Austin"},{"id": 12, "name": "Autobianchi"},{"id": 13, "name": "Baltijas Dzips"},{"id": 14, "name": "Beijing"},{"id": 15, "name": "Bentley"},{"id": 16, "name": "Bertone"},{"id": 17, "name": "Bitter"},{"id": 18, "name": "BMW"},{"id": 20, "name": "Brabus"},{"id": 21, "name": "Brilliance"},{"id": 22, "name": "Bristol"},{"id": 23, "name": "Bufori"},{"id": 24, "name": "Bugatti"},{"id": 25, "name": "Buick"},{"id": 26, "name": "BYD"},{"id": 27, "name": "Byvin"},{"id": 28, "name": "Cadillac"},{"id": 29, "name": "Callaway"},{"id": 30, "name": "Carbodies"},{"id": 31, "name": "Caterham"},{"id": 32, "name": "Changan"},{"id": 33, "name": "ChangFeng"},{"id": 34, "name": "Chery"},{"id": 35, "name": "Chevrolet"},{"id": 36, "name": "Chrysler"},{"id": 37, "name": "Citroen"},{"id": 38, "name": "Cizeta"},{"id": 39, "name": "Coggiola"},{"id": 40, "name": "Dacia"},{"id": 41, "name": "Dadi"},{"id": 42, "name": "Daewoo"},{"id": 44, "name": "Daihatsu"},{"id": 45, "name": "Daimler"},{"id": 46, "name": "Dallas"},{"id": 47, "name": "Datsun"},{"id": 48, "name": "De Tomaso"},{"id": 49, "name": "DeLorean"},{"id": 50, "name": "Derways"},{"id": 51, "name": "Dodge"},{"id": 52, "name": "DongFeng"},{"id": 53, "name": "Doninvest"},{"id": 54, "name": "Donkervoort"},{"id": 55, "name": "E-Car"},{"id": 56, "name": "Eagle"},{"id": 57, "name": "Eagle Cars"},{"id": 59, "name": "FAW"},{"id": 60, "name": "Ferrari"},{"id": 61, "name": "Fiat"},{"id": 62, "name": "Fisker"},{"id": 63, "name": "Ford"},{"id": 64, "name": "Foton"},{"id": 65, "name": "FSO"},{"id": 66, "name": "Fuqi"},{"id": 67, "name": "Geely"},{"id": 68, "name": "Geo"},{"id": 69, "name": "GMC"},{"id": 70, "name": "Gonow"},{"id": 71, "name": "Great Wall"},{"id": 72, "name": "Hafei"},{"id": 73, "name": "Haima"},{"id": 74, "name": "Hindustan"},{"id": 75, "name": "Holden"},{"id": 76, "name": "Honda"},{"id": 77, "name": "HuangHai"},{"id": 78, "name": "Hummer"},{"id": 79, "name": "Hyundai"},{"id": 80, "name": "Infiniti"},{"id": 81, "name": "Innocenti"},{"id": 82, "name": "Invicta"},{"id": 83, "name": "Iran Khodro"},{"id": 84, "name": "Isdera"},{"id": 85, "name": "Isuzu"},{"id": 86, "name": "IVECO"},{"id": 87, "name": "JAC"},{"id": 88, "name": "Jaguar"},{"id": 89, "name": "Jeep"},{"id": 90, "name": "Jensen"},{"id": 91, "name": "JMC"},{"id": 92, "name": "Kia"},{"id": 93, "name": "Koenigsegg"},{"id": 95, "name": "Lamborghini"},{"id": 96, "name": "Lancia"},{"id": 97, "name": "Land Rover"},{"id": 98, "name": "Landwind"},{"id": 99, "name": "Lexus"},{"id": 100, "name": "Liebao Motor"},{"id": 101, "name": "Lifan"},{"id": 102, "name": "Lincoln"},{"id": 103, "name": "Lotus"},{"id": 104, "name": "LTI"},{"id": 105, "name": "Luxgen"},{"id": 106, "name": "Mahindra"},{"id": 107, "name": "Marcos"},{"id": 108, "name": "Marlin"},{"id": 109, "name": "Marussia"},{"id": 110, "name": "Maruti"},{"id": 111, "name": "Maserati"},{"id": 112, "name": "Maybach"},{"id": 113, "name": "Mazda"},{"id": 114, "name": "McLaren"},{"id": 115, "name": "Mega"},{"id": 116, "name": "Mercedes-Benz"},{"id": 117, "name": "Mercury"},{"id": 118, "name": "Metrocab"},{"id": 119, "name": "MG"},{"id": 120, "name": "Microcar"},{"id": 121, "name": "Minelli"},{"id": 122, "name": "Mini"},{"id": 123, "name": "Mitsubishi"},{"id": 124, "name": "Mitsuoka"},{"id": 125, "name": "Morgan"},{"id": 126, "name": "Morris"},{"id": 127, "name": "Nissan"},{"id": 128, "name": "Noble"},{"id": 129, "name": "Oldsmobile"},{"id": 130, "name": "Opel"},{"id": 131, "name": "Osca"},{"id": 132, "name": "Pagani"},{"id": 133, "name": "Panoz"},{"id": 134, "name": "Perodua"},{"id": 135, "name": "Peugeot"},{"id": 136, "name": "Piaggio"},{"id": 137, "name": "Plymouth"},{"id": 138, "name": "Pontiac"},{"id": 139, "name": "Porsche"},{"id": 140, "name": "Premier"},{"id": 141, "name": "Proton"},{"id": 142, "name": "PUCH"},{"id": 143, "name": "Puma"},{"id": 144, "name": "Qoros"},{"id": 145, "name": "Qvale"},{"id": 146, "name": "Reliant"},{"id": 147, "name": "Renault"},{"id": 148, "name": "Samsung"},{"id": 149, "name": "Rolls-Royce"},{"id": 150, "name": "Ronart"},{"id": 151, "name": "Rover"},{"id": 152, "name": "Saab"},{"id": 153, "name": "Saleen"},{"id": 154, "name": "Santana"},{"id": 155, "name": "Saturn"},{"id": 156, "name": "Scion"},{"id": 157, "name": "SEAT"},{"id": 158, "name": "ShuangHuan"},{"id": 159, "name": "Skoda"},{"id": 160, "name": "Smart"},{"id": 161, "name": "Soueast"},{"id": 162, "name": "Spectre"},{"id": 163, "name": "Spyker"},{"id": 165, "name": "SsangYong"},{"id": 166, "name": "Subaru"},{"id": 167, "name": "Suzuki"},{"id": 168, "name": "Talbot"},{"id": 169, "name": "Tata"},{"id": 170, "name": "Tatra"},{"id": 171, "name": "Tazzari"},{"id": 172, "name": "Tesla"},{"id": 173, "name": "Tianma"},{"id": 174, "name": "Tianye"},{"id": 175, "name": "Tofas"},{"id": 176, "name": "Toyota"},{"id": 177, "name": "Trabant"},{"id": 178, "name": "Tramontana"},{"id": 179, "name": "Triumph"},{"id": 180, "name": "TVR"},{"id": 181, "name": "Vauxhall"},{"id": 182, "name": "Vector"},{"id": 183, "name": "Venturi"},{"id": 184, "name": "Volkswagen"},{"id": 185, "name": "Volvo"},{"id": 186, "name": "Vortex"},{"id": 187, "name": "Wartburg"},{"id": 188, "name": "Westfield"},{"id": 189, "name": "Wiesmann"},{"id": 190, "name": "Xin Kai"},{"id": 191, "name": "Zastava"},{"id": 192, "name": "Zotye"},{"id": 193, "name": "ZX"},{"id": 211, "name": "Yo-mobil"},{"id": 212, "name": "Autocam"},{"id": 215, "name": "VAZ (Lada)"},{"id": 216, "name": "GAZ"},{"id": 217, "name": "ZAZ"},{"id": 218, "name": "ZIL"},{"id": 219, "name": "IZH"},{"id": 221, "name": "Kanonir"},{"id": 222, "name": "LuAZ"},{"id": 223, "name": "Moskvich"},{"id": 224, "name": "SMZ"},{"id": 226, "name": "TagAZ"},{"id": 227, "name": "UAZ"},{"id": 280, "name": "Ultima"},{"id": 282, "name": "Hawtai"},{"id": 284, "name": "Renaissance Cars"},{"id": 286, "name": "Paykan"},{"id": 289, "name": "Gordon"},{"id": 290, "name": "Haval"},{"id": 291, "name": "Alpina"},{"id": 3589, "name": "DS"},{"id": 3590, "name": "PGO"},{"id": 3591, "name": "Zenvo"},{"id": 3619, "name": "Rezvani"},{"id": 3620, "name": "Rimac"},{"id": 3664, "name": "Adler"},{"id": 3665, "name": "DeSoto"},{"id": 3666, "name": "Packard"},{"id": 3667, "name": "Willys"},{"id": 3668, "name": "Combat"},{"id": 3676, "name": "Borgward"},{"id": 3689, "name": "Ravon"},{"id": 3690, "name": "ZiS"},{"id": 3705, "name": "AMC"},{"id": 3706, "name": "Zenos"},{"id": 3728, "name": "W Motors"},{"id": 3739, "name": "Hudson"},{"id": 3749, "name": "Austin Healey"},{"id": 3752, "name": "Chana"},{"id": 3753, "name": "Changhe"},{"id": 3754, "name": "DFSK"},{"id": 3755, "name": "Efini"},{"id": 3756, "name": "Excalibur"},{"id": 3757, "name": "Groz"},{"id": 3760, "name": "Hurtan"},{"id": 3761, "name": "Jiangnan"},{"id": 3762, "name": "Jinbei"},{"id": 3765, "name": "Monte Carlo"},{"id": 3767, "name": "Nysa"},{"id": 3771, "name": "Shifeng"},{"id": 3772, "name": "SMA"},{"id": 3774, "name": "Wuling"},{"id": 3815, "name": "Genesis"},{"id": 3816, "name": "International"},{"id": 3821, "name": "Zibar"},{"id": 3822, "name": "Other car"},{"id": 4142, "name": "RAM"},{"id": 4144, "name": "Aurus"},{"id": 4145, "name": "Trumpchi"},{"id": 4146, "name": "Abarth"},{"id": 4147, "name": "Baic"},{"id": 4148, "name": "DFM"},{"id": 4149, "name": "Saipa"},{"id": 4153, "name": "LADA (VAZ)"},{"id": 4154, "name": "Apal"},{"id": 4155, "name": "Bajaj"},{"id": 4156, "name": "Batmobile"},{"id": 4157, "name": "Bilenkin"},{"id": 4158, "name": "Cord"},{"id": 4159, "name": "Delage"},{"id": 4160, "name": "DKW"},{"id": 4162, "name": "DW Hower"},{"id": 4163, "name": "Flanker"},{"id": 4164, "name": "GAC"},{"id": 4165, "name": "GP"},{"id": 4166, "name": "Hanomag"},{"id": 4167, "name": "Hispano-Suiza"},{"id": 4168, "name": "Horch"},{"id": 4169, "name": "KTM AG"},{"id": 4170, "name": "Ligier"},{"id": 4171, "name": "Lucid"},{"id": 4172, "name": "Nash"},{"id": 4173, "name": "Rambler"},{"id": 4174, "name": "Renaissance"},{"id": 4175, "name": "Renault Samsung"},{"id": 4176, "name": "Rinspeed"},{"id": 4177, "name": "Shanghai Maple"},{"id": 4178, "name": "Simca"},{"id": 4179, "name": "Steyr"},{"id": 4180, "name": "Studebaker"},{"id": 4181, "name": "Think"},{"id": 4182, "name": "Wanderer"},{"id": 4183, "name": "Racing car"},{"id": 4184, "name": "Logem"} ]