[{"id": 1, "name": "Bodywork", "parent_id": null},{"id": 2, "name": "Body type", "parent_id": 1},{"id": 4, "name": "Number of seater", "parent_id": 1},{"id": 5, "name": "Length", "parent_id": 1},{"id": 6, "name": "Width", "parent_id": 1},{"id": 7, "name": "Height", "parent_id": 1},{"id": 8, "name": "Wheelbase", "parent_id": 1},{"id": 9, "name": "Front track", "parent_id": 1},{"id": 10, "name": "Rear track", "parent_id": 1},{"id": 11, "name": "Engine", "parent_id": null},{"id": 12, "name": "Engine type", "parent_id": 11},{"id": 13, "name": "Capacity", "parent_id": 11},{"id": 14, "name": "Engine power", "parent_id": 11},{"id": 15, "name": "Max power at RPM", "parent_id": 11},{"id": 16, "name": "Maximum torque", "parent_id": 11},{"id": 17, "name": "Injection type", "parent_id": 11},{"id": 19, "name": "Cylinder layout", "parent_id": 11},{"id": 20, "name": "Number of cylinders", "parent_id": 11},{"id": 22, "name": "Fuel", "parent_id": 31},{"id": 23, "name": "Gearbox and handling", "parent_id": null},{"id": 24, "name": "Gearbox type", "parent_id": 23},{"id": 26, "name": "Number of gear", "parent_id": 23},{"id": 27, "name": "Drive wheels", "parent_id": 23},{"id": 29, "name": "Front brakes", "parent_id": 40},{"id": 30, "name": "Rear brakes", "parent_id": 40},{"id": 31, "name": "Operating characteristics", "parent_id": null},{"id": 32, "name": "Max speed", "parent_id": 31},{"id": 33, "name": "Acceleration (0-100 km/h)", "parent_id": 31},{"id": 34, "name": "Curb weight", "parent_id": 1},{"id": 35, "name": "Fuel tank capacity", "parent_id": 31},{"id": 37, "name": "Emission standards", "parent_id": 31},{"id": 38, "name": "Ground clearance", "parent_id": 1},{"id": 39, "name": "Valves per cylinder", "parent_id": 11},{"id": 40, "name": "Suspension and brakes", "parent_id": null},{"id": 41, "name": "Front suspension", "parent_id": 40},{"id": 42, "name": "Back suspension", "parent_id": 40},{"id": 44, "name": "Max trunk capacity", "parent_id": 1},{"id": 45, "name": "Min trunk capacity", "parent_id": 1},{"id": 46, "name": "Boost type", "parent_id": 11},{"id": 47, "name": "Cylinder bore", "parent_id": 11},{"id": 48, "name": "Stroke cycle", "parent_id": 11},{"id": 50, "name": "City driving fuel consumption per 100 km", "parent_id": 31},{"id": 51, "name": "Highway driving fuel consumption per 100 km", "parent_id": 31},{"id": 52, "name": "Mixed driving fuel consumption per 100 km", "parent_id": 31},{"id": 57, "name": "Turning circle", "parent_id": 23},{"id": 58, "name": "Full weight", "parent_id": 1},{"id": 62, "name": "Cruising range", "parent_id": 31},{"id": 1564, "name": "Turnover of maximum torque", "parent_id": 11},{"id": 1565, "name": "Payload", "parent_id": 1},{"id": 1566, "name": "Presence of intercooler", "parent_id": 11},{"id": 1567, "name": "Trailer load (with brakes)", "parent_id": 1},{"id": 1568, "name": "Front/rear axle load", "parent_id": 1},{"id": 1569, "name": "Loading height", "parent_id": 1},{"id": 1570, "name": "Cargo compartment (Length x Width x Height)", "parent_id": 1},{"id": 1571, "name": "Cargo compartment volume", "parent_id": 1} ]